rank,PF(avg),return%(avg),maxDD%(avg),trades(total),KTP,KSL,TREND,RSI_UP,RSI_DN
1,17.54,-0.05,0.15,21,1.0,1.4,50,65,35
2,17.19,-0.05,0.15,22,1.0,1.4,0,65,35
3,17.19,-0.05,0.15,22,1.0,1.4,100,65,35
4,17.19,-0.05,0.15,22,1.0,1.4,150,65,35
5,17.19,-0.05,0.15,22,1.0,1.4,200,65,35
6,15.26,-0.30,0.45,22,1.0,1.0,0,65,35
7,15.26,-0.30,0.45,22,1.0,1.0,100,65,35
8,15.26,-0.30,0.45,22,1.0,1.0,150,65,35
9,15.26,-0.30,0.45,22,1.0,1.0,200,65,35
10,15.26,-0.30,0.45,21,1.0,1.0,50,65,35
11,15.24,-0.35,0.45,21,1.0,1.2,50,65,35
12,15.24,-0.35,0.45,22,1.0,1.2,0,65,35
13,15.24,-0.35,0.45,22,1.0,1.2,100,65,35
14,15.24,-0.35,0.45,22,1.0,1.2,150,65,35
15,15.24,-0.35,0.45,22,1.0,1.2,200,65,35
16,4.68,-0.05,0.15,29,1.0,1.4,50,60,40
17,3.40,-0.05,0.15,38,1.0,1.4,0,60,40
18,3.40,-0.05,0.15,38,1.0,1.4,100,60,40
19,3.40,-0.05,0.15,38,1.0,1.4,150,60,40
20,3.40,-0.05,0.15,38,1.0,1.4,200,60,40
21,3.37,-0.07,0.15,21,1.4,1.4,50,65,35
22,2.88,-0.07,0.15,22,1.4,1.4,0,65,35
23,2.88,-0.07,0.15,22,1.4,1.4,100,65,35
24,2.88,-0.07,0.15,22,1.4,1.4,150,65,35
25,2.88,-0.07,0.15,22,1.4,1.4,200,65,35
26,2.88,-0.10,0.15,21,1.2,1.4,50,65,35
27,2.47,-0.10,0.15,22,1.2,1.4,0,65,35
28,2.47,-0.10,0.15,22,1.2,1.4,100,65,35
29,2.47,-0.10,0.15,22,1.2,1.4,150,65,35
30,2.47,-0.10,0.15,22,1.2,1.4,200,65,35
31,2.35,-0.42,0.53,29,1.0,1.2,50,60,40
32,1.61,-0.50,0.60,38,1.0,1.2,0,60,40
33,1.61,-0.50,0.60,38,1.0,1.2,100,60,40
34,1.61,-0.50,0.60,38,1.0,1.2,150,60,40
35,1.61,-0.50,0.60,38,1.0,1.2,200,60,40
36,1.33,0.03,0.03,50,1.0,1.4,0,52,48
37,1.33,0.03,0.03,50,1.0,1.4,100,52,48
38,1.33,0.03,0.03,50,1.0,1.4,150,52,48
39,1.33,0.03,0.03,50,1.0,1.4,200,52,48
40,0.44,-0.57,0.75,21,1.0,0.8,50,65,35
41,0.44,-0.57,0.75,22,1.0,0.8,0,65,35
42,0.44,-0.57,0.75,22,1.0,0.8,100,65,35
43,0.44,-0.57,0.75,22,1.0,0.8,150,65,35
44,0.44,-0.57,0.75,22,1.0,0.8,200,65,35
45,0.33,-0.60,0.75,29,1.0,1.0,50,60,40
46,0.29,-0.82,0.90,29,1.0,0.8,50,60,40
47,0.19,-0.35,0.40,50,1.0,1.2,0,52,48
48,0.19,-0.35,0.40,50,1.0,1.2,100,52,48
49,0.19,-0.35,0.40,50,1.0,1.2,150,52,48
50,0.19,-0.35,0.40,50,1.0,1.2,200,52,48
51,0.17,-1.12,1.23,38,1.0,0.8,0,60,40
52,0.17,-1.12,1.23,38,1.0,0.8,100,60,40
53,0.17,-1.12,1.23,38,1.0,0.8,150,60,40
54,0.17,-1.12,1.23,38,1.0,0.8,200,60,40
55,0.17,-0.35,0.45,22,1.4,1.0,0,65,35
56,0.17,-0.35,0.45,22,1.4,1.0,100,65,35
57,0.17,-0.35,0.45,22,1.4,1.0,150,65,35
58,0.17,-0.35,0.45,22,1.4,1.0,200,65,35
59,0.17,-0.35,0.45,21,1.4,1.0,50,65,35
60,0.15,-0.93,1.05,38,1.0,1.0,0,60,40
61,0.15,-0.93,1.05,38,1.0,1.0,100,60,40
62,0.15,-0.93,1.05,38,1.0,1.0,150,60,40
63,0.15,-0.93,1.05,38,1.0,1.0,200,60,40
64,0.14,-0.38,0.45,21,1.2,1.0,50,65,35
65,0.14,-0.62,0.75,22,1.4,0.8,0,65,35
66,0.14,-0.62,0.75,22,1.4,0.8,100,65,35
67,0.14,-0.62,0.75,22,1.4,0.8,150,65,35
68,0.14,-0.62,0.75,22,1.4,0.8,200,65,35
69,0.14,-0.62,0.75,21,1.4,0.8,50,65,35
70,0.14,-0.38,0.45,22,1.2,1.0,0,65,35
71,0.14,-0.38,0.45,22,1.2,1.0,100,65,35
72,0.14,-0.38,0.45,22,1.2,1.0,150,65,35
73,0.14,-0.38,0.45,22,1.2,1.0,200,65,35
74,0.14,-0.38,0.45,21,1.4,1.2,50,65,35
75,0.14,-0.38,0.45,22,1.4,1.2,0,65,35
76,0.14,-0.38,0.45,22,1.4,1.2,100,65,35
77,0.14,-0.38,0.45,22,1.4,1.2,150,65,35
78,0.14,-0.38,0.45,22,1.4,1.2,200,65,35
79,0.12,-0.65,0.75,22,1.2,0.8,0,65,35
80,0.12,-0.65,0.75,22,1.2,0.8,100,65,35
81,0.12,-0.65,0.75,22,1.2,0.8,150,65,35
82,0.12,-0.65,0.75,22,1.2,0.8,200,65,35
83,0.12,-0.65,0.75,21,1.2,0.8,50,65,35
84,0.12,-0.38,0.45,21,1.2,1.2,50,65,35
85,0.12,-0.38,0.45,22,1.2,1.2,0,65,35
86,0.12,-0.38,0.45,22,1.2,1.2,100,65,35
87,0.12,-0.38,0.45,22,1.2,1.2,150,65,35
88,0.12,-0.38,0.45,22,1.2,1.2,200,65,35
89,0.06,-1.10,1.10,50,1.0,1.0,0,52,48
90,0.06,-1.10,1.10,50,1.0,1.0,100,52,48
91,0.06,-1.10,1.10,50,1.0,1.0,150,52,48
92,0.06,-1.10,1.10,50,1.0,1.0,200,52,48
93,0.05,-1.70,1.70,50,1.0,0.8,0,52,48
94,0.05,-1.70,1.70,50,1.0,0.8,100,52,48
95,0.05,-1.70,1.70,50,1.0,0.8,150,52,48
96,0.05,-1.70,1.70,50,1.0,0.8,200,52,48
97,0.00,0.00,0.00,36,1.0,1.4,50,52,48
98,0.00,0.00,0.00,36,1.2,1.4,50,52,48
99,0.00,0.00,0.00,36,1.4,1.4,50,52,48
100,0.00,0.00,0.00,36,1.6,1.4,50,52,48
101,0.00,0.00,0.00,36,1.8,1.4,50,52,48
102,0.00,0.00,0.00,36,2.0,1.4,50,52,48
103,0.00,-0.03,0.03,50,1.2,1.4,0,52,48
104,0.00,-0.03,0.03,50,1.2,1.4,100,52,48
105,0.00,-0.03,0.03,50,1.2,1.4,150,52,48
106,0.00,-0.03,0.03,50,1.2,1.4,200,52,48
107,0.00,-0.03,0.03,50,1.4,1.4,0,52,48
108,0.00,-0.03,0.03,50,1.4,1.4,100,52,48
109,0.00,-0.03,0.03,50,1.4,1.4,150,52,48
110,0.00,-0.03,0.03,50,1.4,1.4,200,52,48
111,0.00,-0.03,0.03,50,1.6,1.4,0,52,48
112,0.00,-0.03,0.03,50,1.6,1.4,100,52,48
113,0.00,-0.03,0.03,50,1.6,1.4,150,52,48
114,0.00,-0.03,0.03,50,1.6,1.4,200,52,48
115,0.00,-0.03,0.03,50,1.8,1.4,0,52,48
116,0.00,-0.03,0.03,50,1.8,1.4,100,52,48
117,0.00,-0.03,0.03,50,1.8,1.4,150,52,48
118,0.00,-0.03,0.03,50,1.8,1.4,200,52,48
119,0.00,-0.03,0.03,50,2.0,1.4,0,52,48
120,0.00,-0.03,0.03,50,2.0,1.4,100,52,48
121,0.00,-0.03,0.03,50,2.0,1.4,150,52,48
122,0.00,-0.03,0.03,50,2.0,1.4,200,52,48
123,0.00,-0.15,0.15,38,1.2,1.4,0,60,40
124,0.00,-0.15,0.15,38,1.2,1.4,100,60,40
125,0.00,-0.15,0.15,38,1.2,1.4,150,60,40
126,0.00,-0.15,0.15,38,1.2,1.4,200,60,40
127,0.00,-0.15,0.15,38,1.4,1.4,0,60,40
128,0.00,-0.15,0.15,38,1.4,1.4,100,60,40
129,0.00,-0.15,0.15,38,1.4,1.4,150,60,40
130,0.00,-0.15,0.15,38,1.4,1.4,200,60,40
131,0.00,-0.15,0.15,38,1.6,1.4,0,60,40
132,0.00,-0.15,0.15,38,1.6,1.4,100,60,40
133,0.00,-0.15,0.15,38,1.6,1.4,150,60,40
134,0.00,-0.15,0.15,38,1.6,1.4,200,60,40
135,0.00,-0.15,0.15,38,1.8,1.4,0,60,40
136,0.00,-0.15,0.15,38,1.8,1.4,100,60,40
137,0.00,-0.15,0.15,38,1.8,1.4,150,60,40
138,0.00,-0.15,0.15,38,1.8,1.4,200,60,40
139,0.00,-0.15,0.15,38,2.0,1.4,0,60,40
140,0.00,-0.15,0.15,38,2.0,1.4,100,60,40
141,0.00,-0.15,0.15,38,2.0,1.4,150,60,40
142,0.00,-0.15,0.15,38,2.0,1.4,200,60,40
143,0.00,-0.15,0.15,33,1.0,1.4,50,58,42
144,0.00,-0.15,0.15,33,1.2,1.4,50,58,42
145,0.00,-0.15,0.15,33,1.4,1.4,50,58,42
146,0.00,-0.15,0.15,33,1.6,1.4,50,58,42
147,0.00,-0.15,0.15,33,1.8,1.4,50,58,42
148,0.00,-0.15,0.15,33,2.0,1.4,50,58,42
149,0.00,-0.15,0.15,32,1.0,1.4,50,55,45
150,0.00,-0.15,0.15,32,1.2,1.4,50,55,45
151,0.00,-0.15,0.15,32,1.4,1.4,50,55,45
152,0.00,-0.15,0.15,32,1.6,1.4,50,55,45
153,0.00,-0.15,0.15,32,1.8,1.4,50,55,45
154,0.00,-0.15,0.15,32,2.0,1.4,50,55,45
155,0.00,-0.15,0.15,29,1.2,1.4,50,60,40
156,0.00,-0.15,0.15,29,1.4,1.4,50,60,40
157,0.00,-0.15,0.15,29,1.6,1.4,50,60,40
158,0.00,-0.15,0.15,29,1.8,1.4,50,60,40
159,0.00,-0.15,0.15,29,2.0,1.4,50,60,40
160,0.00,-0.15,0.15,22,1.6,1.4,0,65,35
161,0.00,-0.15,0.15,22,1.6,1.4,100,65,35
162,0.00,-0.15,0.15,22,1.6,1.4,150,65,35
163,0.00,-0.15,0.15,22,1.6,1.4,200,65,35
164,0.00,-0.15,0.15,22,1.8,1.4,0,65,35
165,0.00,-0.15,0.15,22,1.8,1.4,100,65,35
166,0.00,-0.15,0.15,22,1.8,1.4,150,65,35
167,0.00,-0.15,0.15,22,1.8,1.4,200,65,35
168,0.00,-0.15,0.15,22,2.0,1.4,0,65,35
169,0.00,-0.15,0.15,22,2.0,1.4,100,65,35
170,0.00,-0.15,0.15,22,2.0,1.4,150,65,35
171,0.00,-0.15,0.15,22,2.0,1.4,200,65,35
172,0.00,-0.15,0.15,21,1.6,1.4,50,65,35
173,0.00,-0.15,0.15,21,1.8,1.4,50,65,35
174,0.00,-0.15,0.15,21,2.0,1.4,50,65,35
175,0.00,-0.17,0.17,43,1.0,1.4,0,58,42
176,0.00,-0.17,0.17,43,1.0,1.4,100,58,42
177,0.00,-0.17,0.17,43,1.0,1.4,150,58,42
178,0.00,-0.17,0.17,43,1.0,1.4,200,58,42
179,0.00,-0.17,0.17,43,1.2,1.4,0,58,42
180,0.00,-0.17,0.17,43,1.2,1.4,100,58,42
181,0.00,-0.17,0.17,43,1.2,1.4,150,58,42
182,0.00,-0.17,0.17,43,1.2,1.4,200,58,42
183,0.00,-0.17,0.17,43,1.4,1.4,0,58,42
184,0.00,-0.17,0.17,43,1.4,1.4,100,58,42
185,0.00,-0.17,0.17,43,1.4,1.4,150,58,42
186,0.00,-0.17,0.17,43,1.4,1.4,200,58,42
187,0.00,-0.17,0.17,43,1.6,1.4,0,58,42
188,0.00,-0.17,0.17,43,1.6,1.4,100,58,42
189,0.00,-0.17,0.17,43,1.6,1.4,150,58,42
190,0.00,-0.17,0.17,43,1.6,1.4,200,58,42
191,0.00,-0.17,0.17,43,1.8,1.4,0,58,42
192,0.00,-0.17,0.17,43,1.8,1.4,100,58,42
193,0.00,-0.17,0.17,43,1.8,1.4,150,58,42
194,0.00,-0.17,0.17,43,1.8,1.4,200,58,42
195,0.00,-0.17,0.17,43,2.0,1.4,0,58,42
196,0.00,-0.17,0.17,43,2.0,1.4,100,58,42
197,0.00,-0.17,0.17,43,2.0,1.4,150,58,42
198,0.00,-0.17,0.17,43,2.0,1.4,200,58,42
199,0.00,-0.22,0.22,32,1.0,1.2,50,55,45
200,0.00,-0.22,0.22,32,1.2,1.2,50,55,45
201,0.00,-0.22,0.22,32,1.4,1.2,50,55,45
202,0.00,-0.22,0.22,32,1.6,1.2,50,55,45
203,0.00,-0.22,0.22,32,1.8,1.2,50,55,45
204,0.00,-0.22,0.22,32,2.0,1.2,50,55,45
205,0.00,-0.25,0.25,45,1.0,1.4,0,55,45
206,0.00,-0.25,0.25,45,1.0,1.4,100,55,45
207,0.00,-0.25,0.25,45,1.0,1.4,150,55,45
208,0.00,-0.25,0.25,45,1.0,1.4,200,55,45
209,0.00,-0.25,0.25,45,1.2,1.4,0,55,45
210,0.00,-0.25,0.25,45,1.2,1.4,100,55,45
211,0.00,-0.25,0.25,45,1.2,1.4,150,55,45
212,0.00,-0.25,0.25,45,1.2,1.4,200,55,45
213,0.00,-0.25,0.25,45,1.4,1.4,0,55,45
214,0.00,-0.25,0.25,45,1.4,1.4,100,55,45
215,0.00,-0.25,0.25,45,1.4,1.4,150,55,45
216,0.00,-0.25,0.25,45,1.4,1.4,200,55,45
217,0.00,-0.25,0.25,45,1.6,1.4,0,55,45
218,0.00,-0.25,0.25,45,1.6,1.4,100,55,45
219,0.00,-0.25,0.25,45,1.6,1.4,150,55,45
220,0.00,-0.25,0.25,45,1.6,1.4,200,55,45
221,0.00,-0.25,0.25,45,1.8,1.4,0,55,45
222,0.00,-0.25,0.25,45,1.8,1.4,100,55,45
223,0.00,-0.25,0.25,45,1.8,1.4,150,55,45
224,0.00,-0.25,0.25,45,1.8,1.4,200,55,45
225,0.00,-0.25,0.25,45,2.0,1.4,0,55,45
226,0.00,-0.25,0.25,45,2.0,1.4,100,55,45
227,0.00,-0.25,0.25,45,2.0,1.4,150,55,45
228,0.00,-0.25,0.25,45,2.0,1.4,200,55,45
229,0.00,-0.30,0.30,36,1.0,1.2,50,52,48
230,0.00,-0.30,0.30,36,1.2,1.2,50,52,48
231,0.00,-0.30,0.30,36,1.4,1.2,50,52,48
232,0.00,-0.30,0.30,36,1.6,1.2,50,52,48
233,0.00,-0.30,0.30,36,1.8,1.2,50,52,48
234,0.00,-0.30,0.30,36,2.0,1.2,50,52,48
235,0.00,-0.40,0.40,33,1.0,1.2,50,58,42
236,0.00,-0.40,0.40,33,1.2,1.2,50,58,42
237,0.00,-0.40,0.40,33,1.4,1.2,50,58,42
238,0.00,-0.40,0.40,33,1.6,1.2,50,58,42
239,0.00,-0.40,0.40,33,1.8,1.2,50,58,42
240,0.00,-0.40,0.40,33,2.0,1.2,50,58,42
241,0.00,-0.43,0.43,50,1.2,1.2,0,52,48
242,0.00,-0.43,0.43,50,1.2,1.2,100,52,48
243,0.00,-0.43,0.43,50,1.2,1.2,150,52,48
244,0.00,-0.43,0.43,50,1.2,1.2,200,52,48
245,0.00,-0.43,0.43,50,1.4,1.2,0,52,48
246,0.00,-0.43,0.43,50,1.4,1.2,100,52,48
247,0.00,-0.43,0.43,50,1.4,1.2,150,52,48
248,0.00,-0.43,0.43,50,1.4,1.2,200,52,48
249,0.00,-0.43,0.43,50,1.6,1.2,0,52,48
250,0.00,-0.43,0.43,50,1.6,1.2,100,52,48
251,0.00,-0.43,0.43,50,1.6,1.2,150,52,48
252,0.00,-0.43,0.43,50,1.6,1.2,200,52,48
253,0.00,-0.43,0.43,50,1.8,1.2,0,52,48
254,0.00,-0.43,0.43,50,1.8,1.2,100,52,48
255,0.00,-0.43,0.43,50,1.8,1.2,150,52,48
256,0.00,-0.43,0.43,50,1.8,1.2,200,52,48
257,0.00,-0.43,0.43,50,2.0,1.2,0,52,48
258,0.00,-0.43,0.43,50,2.0,1.2,100,52,48
259,0.00,-0.43,0.43,50,2.0,1.2,150,52,48
260,0.00,-0.43,0.43,50,2.0,1.2,200,52,48
261,0.00,-0.45,0.45,22,1.6,1.0,0,65,35
262,0.00,-0.45,0.45,22,1.6,1.0,100,65,35
263,0.00,-0.45,0.45,22,1.6,1.0,150,65,35
264,0.00,-0.45,0.45,22,1.6,1.0,200,65,35
265,0.00,-0.45,0.45,22,1.6,1.2,0,65,35
266,0.00,-0.45,0.45,22,1.6,1.2,100,65,35
267,0.00,-0.45,0.45,22,1.6,1.2,150,65,35
268,0.00,-0.45,0.45,22,1.6,1.2,200,65,35
269,0.00,-0.45,0.45,22,1.8,1.0,0,65,35
270,0.00,-0.45,0.45,22,1.8,1.0,100,65,35
271,0.00,-0.45,0.45,22,1.8,1.0,150,65,35
272,0.00,-0.45,0.45,22,1.8,1.0,200,65,35
273,0.00,-0.45,0.45,22,1.8,1.2,0,65,35
274,0.00,-0.45,0.45,22,1.8,1.2,100,65,35
275,0.00,-0.45,0.45,22,1.8,1.2,150,65,35
276,0.00,-0.45,0.45,22,1.8,1.2,200,65,35
277,0.00,-0.45,0.45,22,2.0,1.0,0,65,35
278,0.00,-0.45,0.45,22,2.0,1.0,100,65,35
279,0.00,-0.45,0.45,22,2.0,1.0,150,65,35
280,0.00,-0.45,0.45,22,2.0,1.0,200,65,35
281,0.00,-0.45,0.45,22,2.0,1.2,0,65,35
282,0.00,-0.45,0.45,22,2.0,1.2,100,65,35
283,0.00,-0.45,0.45,22,2.0,1.2,150,65,35
284,0.00,-0.45,0.45,22,2.0,1.2,200,65,35
285,0.00,-0.45,0.45,21,1.6,1.0,50,65,35
286,0.00,-0.45,0.45,21,1.6,1.2,50,65,35
287,0.00,-0.45,0.45,21,1.8,1.0,50,65,35
288,0.00,-0.45,0.45,21,1.8,1.2,50,65,35
289,0.00,-0.45,0.45,21,2.0,1.0,50,65,35
290,0.00,-0.45,0.45,21,2.0,1.2,50,65,35
291,0.00,-0.47,0.47,45,1.0,1.2,0,55,45
292,0.00,-0.47,0.47,45,1.0,1.2,100,55,45
293,0.00,-0.47,0.47,45,1.0,1.2,150,55,45
294,0.00,-0.47,0.47,45,1.0,1.2,200,55,45
295,0.00,-0.47,0.47,45,1.2,1.2,0,55,45
296,0.00,-0.47,0.47,45,1.2,1.2,100,55,45
297,0.00,-0.47,0.47,45,1.2,1.2,150,55,45
298,0.00,-0.47,0.47,45,1.2,1.2,200,55,45
299,0.00,-0.47,0.47,45,1.4,1.2,0,55,45
300,0.00,-0.47,0.47,45,1.4,1.2,100,55,45
301,0.00,-0.47,0.47,45,1.4,1.2,150,55,45
302,0.00,-0.47,0.47,45,1.4,1.2,200,55,45
303,0.00,-0.47,0.47,45,1.6,1.2,0,55,45
304,0.00,-0.47,0.47,45,1.6,1.2,100,55,45
305,0.00,-0.47,0.47,45,1.6,1.2,150,55,45
306,0.00,-0.47,0.47,45,1.6,1.2,200,55,45
307,0.00,-0.47,0.47,45,1.8,1.2,0,55,45
308,0.00,-0.47,0.47,45,1.8,1.2,100,55,45
309,0.00,-0.47,0.47,45,1.8,1.2,150,55,45
310,0.00,-0.47,0.47,45,1.8,1.2,200,55,45
311,0.00,-0.47,0.47,45,2.0,1.2,0,55,45
312,0.00,-0.47,0.47,45,2.0,1.2,100,55,45
313,0.00,-0.47,0.47,45,2.0,1.2,150,55,45
314,0.00,-0.47,0.47,45,2.0,1.2,200,55,45
315,0.00,-0.53,0.53,29,1.2,1.2,50,60,40
316,0.00,-0.53,0.53,29,1.4,1.2,50,60,40
317,0.00,-0.53,0.53,29,1.6,1.2,50,60,40
318,0.00,-0.53,0.53,29,1.8,1.2,50,60,40
319,0.00,-0.53,0.53,29,2.0,1.2,50,60,40
320,0.00,-0.55,0.55,43,1.0,1.2,0,58,42
321,0.00,-0.55,0.55,43,1.0,1.2,100,58,42
322,0.00,-0.55,0.55,43,1.0,1.2,150,58,42
323,0.00,-0.55,0.55,43,1.0,1.2,200,58,42
324,0.00,-0.55,0.55,43,1.2,1.2,0,58,42
325,0.00,-0.55,0.55,43,1.2,1.2,100,58,42
326,0.00,-0.55,0.55,43,1.2,1.2,150,58,42
327,0.00,-0.55,0.55,43,1.2,1.2,200,58,42
328,0.00,-0.55,0.55,43,1.4,1.2,0,58,42
329,0.00,-0.55,0.55,43,1.4,1.2,100,58,42
330,0.00,-0.55,0.55,43,1.4,1.2,150,58,42
331,0.00,-0.55,0.55,43,1.4,1.2,200,58,42
332,0.00,-0.55,0.55,43,1.6,1.2,0,58,42
333,0.00,-0.55,0.55,43,1.6,1.2,100,58,42
334,0.00,-0.55,0.55,43,1.6,1.2,150,58,42
335,0.00,-0.55,0.55,43,1.6,1.2,200,58,42
336,0.00,-0.55,0.55,43,1.8,1.2,0,58,42
337,0.00,-0.55,0.55,43,1.8,1.2,100,58,42
338,0.00,-0.55,0.55,43,1.8,1.2,150,58,42
339,0.00,-0.55,0.55,43,1.8,1.2,200,58,42
340,0.00,-0.55,0.55,43,2.0,1.2,0,58,42
341,0.00,-0.55,0.55,43,2.0,1.2,100,58,42
342,0.00,-0.55,0.55,43,2.0,1.2,150,58,42
343,0.00,-0.55,0.55,43,2.0,1.2,200,58,42
344,0.00,-0.55,0.55,32,1.0,1.0,50,55,45
345,0.00,-0.55,0.55,32,1.2,1.0,50,55,45
346,0.00,-0.55,0.55,32,1.4,1.0,50,55,45
347,0.00,-0.55,0.55,32,1.6,1.0,50,55,45
348,0.00,-0.55,0.55,32,1.8,1.0,50,55,45
349,0.00,-0.55,0.55,32,2.0,1.0,50,55,45
350,0.00,-0.60,0.60,38,1.2,1.2,0,60,40
351,0.00,-0.60,0.60,38,1.2,1.2,100,60,40
352,0.00,-0.60,0.60,38,1.2,1.2,150,60,40
353,0.00,-0.60,0.60,38,1.2,1.2,200,60,40
354,0.00,-0.60,0.60,38,1.4,1.2,0,60,40
355,0.00,-0.60,0.60,38,1.4,1.2,100,60,40
356,0.00,-0.60,0.60,38,1.4,1.2,150,60,40
357,0.00,-0.60,0.60,38,1.4,1.2,200,60,40
358,0.00,-0.60,0.60,38,1.6,1.2,0,60,40
359,0.00,-0.60,0.60,38,1.6,1.2,100,60,40
360,0.00,-0.60,0.60,38,1.6,1.2,150,60,40
361,0.00,-0.60,0.60,38,1.6,1.2,200,60,40
362,0.00,-0.60,0.60,38,1.8,1.2,0,60,40
363,0.00,-0.60,0.60,38,1.8,1.2,100,60,40
364,0.00,-0.60,0.60,38,1.8,1.2,150,60,40
365,0.00,-0.60,0.60,38,1.8,1.2,200,60,40
366,0.00,-0.60,0.60,38,2.0,1.2,0,60,40
367,0.00,-0.60,0.60,38,2.0,1.2,100,60,40
368,0.00,-0.60,0.60,38,2.0,1.2,150,60,40
369,0.00,-0.60,0.60,38,2.0,1.2,200,60,40
370,0.00,-0.62,0.62,33,1.0,1.0,50,58,42
371,0.00,-0.62,0.62,33,1.2,1.0,50,58,42
372,0.00,-0.62,0.62,33,1.4,1.0,50,58,42
373,0.00,-0.62,0.62,33,1.6,1.0,50,58,42
374,0.00,-0.62,0.62,33,1.8,1.0,50,58,42
375,0.00,-0.62,0.62,33,2.0,1.0,50,58,42
376,0.00,-0.75,0.75,29,1.2,1.0,50,60,40
377,0.00,-0.75,0.75,29,1.4,1.0,50,60,40
378,0.00,-0.75,0.75,29,1.6,1.0,50,60,40
379,0.00,-0.75,0.75,29,1.8,1.0,50,60,40
380,0.00,-0.75,0.75,29,2.0,1.0,50,60,40
381,0.00,-0.75,0.75,22,1.6,0.8,0,65,35
382,0.00,-0.75,0.75,22,1.6,0.8,100,65,35
383,0.00,-0.75,0.75,22,1.6,0.8,150,65,35
384,0.00,-0.75,0.75,22,1.6,0.8,200,65,35
385,0.00,-0.75,0.75,22,1.8,0.8,0,65,35
386,0.00,-0.75,0.75,22,1.8,0.8,100,65,35
387,0.00,-0.75,0.75,22,1.8,0.8,150,65,35
388,0.00,-0.75,0.75,22,1.8,0.8,200,65,35
389,0.00,-0.75,0.75,22,2.0,0.8,0,65,35
390,0.00,-0.75,0.75,22,2.0,0.8,100,65,35
391,0.00,-0.75,0.75,22,2.0,0.8,150,65,35
392,0.00,-0.75,0.75,22,2.0,0.8,200,65,35
393,0.00,-0.75,0.75,21,1.6,0.8,50,65,35
394,0.00,-0.75,0.75,21,1.8,0.8,50,65,35
395,0.00,-0.75,0.75,21,2.0,0.8,50,65,35
396,0.00,-0.88,0.88,36,1.0,1.0,50,52,48
397,0.00,-0.88,0.88,36,1.2,1.0,50,52,48
398,0.00,-0.88,0.88,36,1.4,1.0,50,52,48
399,0.00,-0.88,0.88,36,1.6,1.0,50,52,48
400,0.00,-0.88,0.88,36,1.8,1.0,50,52,48
401,0.00,-0.88,0.88,36,2.0,1.0,50,52,48
402,0.00,-0.93,0.93,43,1.0,1.0,0,58,42
403,0.00,-0.93,0.93,43,1.0,1.0,100,58,42
404,0.00,-0.93,0.93,43,1.0,1.0,150,58,42
405,0.00,-0.93,0.93,43,1.0,1.0,200,58,42
406,0.00,-0.93,0.93,43,1.2,1.0,0,58,42
407,0.00,-0.93,0.93,43,1.2,1.0,100,58,42
408,0.00,-0.93,0.93,43,1.2,1.0,150,58,42
409,0.00,-0.93,0.93,43,1.2,1.0,200,58,42
410,0.00,-0.93,0.93,43,1.4,1.0,0,58,42
411,0.00,-0.93,0.93,43,1.4,1.0,100,58,42
412,0.00,-0.93,0.93,43,1.4,1.0,150,58,42
413,0.00,-0.93,0.93,43,1.4,1.0,200,58,42
414,0.00,-0.93,0.93,43,1.6,1.0,0,58,42
415,0.00,-0.93,0.93,43,1.6,1.0,100,58,42
416,0.00,-0.93,0.93,43,1.6,1.0,150,58,42
417,0.00,-0.93,0.93,43,1.6,1.0,200,58,42
418,0.00,-0.93,0.93,43,1.8,1.0,0,58,42
419,0.00,-0.93,0.93,43,1.8,1.0,100,58,42
420,0.00,-0.93,0.93,43,1.8,1.0,150,58,42
421,0.00,-0.93,0.93,43,1.8,1.0,200,58,42
422,0.00,-0.93,0.93,43,2.0,1.0,0,58,42
423,0.00,-0.93,0.93,43,2.0,1.0,100,58,42
424,0.00,-0.93,0.93,43,2.0,1.0,150,58,42
425,0.00,-0.93,0.93,43,2.0,1.0,200,58,42
426,0.00,-0.95,0.95,45,1.0,1.0,0,55,45
427,0.00,-0.95,0.95,45,1.0,1.0,100,55,45
428,0.00,-0.95,0.95,45,1.0,1.0,150,55,45
429,0.00,-0.95,0.95,45,1.0,1.0,200,55,45
430,0.00,-0.95,0.95,45,1.2,1.0,0,55,45
431,0.00,-0.95,0.95,45,1.2,1.0,100,55,45
432,0.00,-0.95,0.95,45,1.2,1.0,150,55,45
433,0.00,-0.95,0.95,45,1.2,1.0,200,55,45
434,0.00,-0.95,0.95,45,1.4,1.0,0,55,45
435,0.00,-0.95,0.95,45,1.4,1.0,100,55,45
436,0.00,-0.95,0.95,45,1.4,1.0,150,55,45
437,0.00,-0.95,0.95,45,1.4,1.0,200,55,45
438,0.00,-0.95,0.95,45,1.6,1.0,0,55,45
439,0.00,-0.95,0.95,45,1.6,1.0,100,55,45
440,0.00,-0.95,0.95,45,1.6,1.0,150,55,45
441,0.00,-0.95,0.95,45,1.6,1.0,200,55,45
442,0.00,-0.95,0.95,45,1.8,1.0,0,55,45
443,0.00,-0.95,0.95,45,1.8,1.0,100,55,45
444,0.00,-0.95,0.95,45,1.8,1.0,150,55,45
445,0.00,-0.95,0.95,45,1.8,1.0,200,55,45
446,0.00,-0.95,0.95,45,2.0,1.0,0,55,45
447,0.00,-0.95,0.95,45,2.0,1.0,100,55,45
448,0.00,-0.95,0.95,45,2.0,1.0,150,55,45
449,0.00,-0.95,0.95,45,2.0,1.0,200,55,45
450,0.00,-0.97,0.97,29,1.2,0.8,50,60,40
451,0.00,-0.97,0.97,29,1.4,0.8,50,60,40
452,0.00,-0.97,0.97,29,1.6,0.8,50,60,40
453,0.00,-0.97,0.97,29,1.8,0.8,50,60,40
454,0.00,-0.97,0.97,29,2.0,0.8,50,60,40
455,0.00,-1.07,1.07,38,1.2,1.0,0,60,40
456,0.00,-1.07,1.07,38,1.2,1.0,100,60,40
457,0.00,-1.07,1.07,38,1.2,1.0,150,60,40
458,0.00,-1.07,1.07,38,1.2,1.0,200,60,40
459,0.00,-1.07,1.07,38,1.4,1.0,0,60,40
460,0.00,-1.07,1.07,38,1.4,1.0,100,60,40
461,0.00,-1.07,1.07,38,1.4,1.0,150,60,40
462,0.00,-1.07,1.07,38,1.4,1.0,200,60,40
463,0.00,-1.07,1.07,38,1.6,1.0,0,60,40
464,0.00,-1.07,1.07,38,1.6,1.0,100,60,40
465,0.00,-1.07,1.07,38,1.6,1.0,150,60,40
466,0.00,-1.07,1.07,38,1.6,1.0,200,60,40
467,0.00,-1.07,1.07,38,1.8,1.0,0,60,40
468,0.00,-1.07,1.07,38,1.8,1.0,100,60,40
469,0.00,-1.07,1.07,38,1.8,1.0,150,60,40
470,0.00,-1.07,1.07,38,1.8,1.0,200,60,40
471,0.00,-1.07,1.07,38,2.0,1.0,0,60,40
472,0.00,-1.07,1.07,38,2.0,1.0,100,60,40
473,0.00,-1.07,1.07,38,2.0,1.0,150,60,40
474,0.00,-1.07,1.07,38,2.0,1.0,200,60,40
475,0.00,-1.07,1.07,32,1.0,0.8,50,55,45
476,0.00,-1.07,1.07,32,1.2,0.8,50,55,45
477,0.00,-1.07,1.07,32,1.4,0.8,50,55,45
478,0.00,-1.07,1.07,32,1.6,0.8,50,55,45
479,0.00,-1.07,1.07,32,1.8,0.8,50,55,45
480,0.00,-1.07,1.07,32,2.0,0.8,50,55,45
481,0.00,-1.15,1.15,33,1.0,0.8,50,58,42
482,0.00,-1.15,1.15,33,1.2,0.8,50,58,42
483,0.00,-1.15,1.15,33,1.4,0.8,50,58,42
484,0.00,-1.15,1.15,33,1.6,0.8,50,58,42
485,0.00,-1.15,1.15,33,1.8,0.8,50,58,42
486,0.00,-1.15,1.15,33,2.0,0.8,50,58,42
487,0.00,-1.18,1.18,50,1.2,1.0,0,52,48
488,0.00,-1.18,1.18,50,1.2,1.0,100,52,48
489,0.00,-1.18,1.18,50,1.2,1.0,150,52,48
490,0.00,-1.18,1.18,50,1.2,1.0,200,52,48
491,0.00,-1.18,1.18,50,1.4,1.0,0,52,48
492,0.00,-1.18,1.18,50,1.4,1.0,100,52,48
493,0.00,-1.18,1.18,50,1.4,1.0,150,52,48
494,0.00,-1.18,1.18,50,1.4,1.0,200,52,48
495,0.00,-1.18,1.18,50,1.6,1.0,0,52,48
496,0.00,-1.18,1.18,50,1.6,1.0,100,52,48
497,0.00,-1.18,1.18,50,1.6,1.0,150,52,48
498,0.00,-1.18,1.18,50,1.6,1.0,200,52,48
499,0.00,-1.18,1.18,50,1.8,1.0,0,52,48
500,0.00,-1.18,1.18,50,1.8,1.0,100,52,48
501,0.00,-1.18,1.18,50,1.8,1.0,150,52,48
502,0.00,-1.18,1.18,50,1.8,1.0,200,52,48
503,0.00,-1.18,1.18,50,2.0,1.0,0,52,48
504,0.00,-1.18,1.18,50,2.0,1.0,100,52,48
505,0.00,-1.18,1.18,50,2.0,1.0,150,52,48
506,0.00,-1.18,1.18,50,2.0,1.0,200,52,48
507,0.00,-1.30,1.30,38,1.2,0.8,0,60,40
508,0.00,-1.30,1.30,38,1.2,0.8,100,60,40
509,0.00,-1.30,1.30,38,1.2,0.8,150,60,40
510,0.00,-1.30,1.30,38,1.2,0.8,200,60,40
511,0.00,-1.30,1.30,38,1.4,0.8,0,60,40
512,0.00,-1.30,1.30,38,1.4,0.8,100,60,40
513,0.00,-1.30,1.30,38,1.4,0.8,150,60,40
514,0.00,-1.30,1.30,38,1.4,0.8,200,60,40
515,0.00,-1.30,1.30,38,1.6,0.8,0,60,40
516,0.00,-1.30,1.30,38,1.6,0.8,100,60,40
517,0.00,-1.30,1.30,38,1.6,0.8,150,60,40
518,0.00,-1.30,1.30,38,1.6,0.8,200,60,40
519,0.00,-1.30,1.30,38,1.8,0.8,0,60,40
520,0.00,-1.30,1.30,38,1.8,0.8,100,60,40
521,0.00,-1.30,1.30,38,1.8,0.8,150,60,40
522,0.00,-1.30,1.30,38,1.8,0.8,200,60,40
523,0.00,-1.30,1.30,38,2.0,0.8,0,60,40
524,0.00,-1.30,1.30,38,2.0,0.8,100,60,40
525,0.00,-1.30,1.30,38,2.0,0.8,150,60,40
526,0.00,-1.30,1.30,38,2.0,0.8,200,60,40
527,0.00,-1.40,1.40,36,1.0,0.8,50,52,48
528,0.00,-1.40,1.40,36,1.2,0.8,50,52,48
529,0.00,-1.40,1.40,36,1.4,0.8,50,52,48
530,0.00,-1.40,1.40,36,1.6,0.8,50,52,48
531,0.00,-1.40,1.40,36,1.8,0.8,50,52,48
532,0.00,-1.40,1.40,36,2.0,0.8,50,52,48
533,0.00,-1.55,1.55,43,1.0,0.8,0,58,42
534,0.00,-1.55,1.55,43,1.0,0.8,100,58,42
535,0.00,-1.55,1.55,43,1.0,0.8,150,58,42
536,0.00,-1.55,1.55,43,1.0,0.8,200,58,42
537,0.00,-1.55,1.55,43,1.2,0.8,0,58,42
538,0.00,-1.55,1.55,43,1.2,0.8,100,58,42
539,0.00,-1.55,1.55,43,1.2,0.8,150,58,42
540,0.00,-1.55,1.55,43,1.2,0.8,200,58,42
541,0.00,-1.55,1.55,43,1.4,0.8,0,58,42
542,0.00,-1.55,1.55,43,1.4,0.8,100,58,42
543,0.00,-1.55,1.55,43,1.4,0.8,150,58,42
544,0.00,-1.55,1.55,43,1.4,0.8,200,58,42
545,0.00,-1.55,1.55,43,1.6,0.8,0,58,42
546,0.00,-1.55,1.55,43,1.6,0.8,100,58,42
547,0.00,-1.55,1.55,43,1.6,0.8,150,58,42
548,0.00,-1.55,1.55,43,1.6,0.8,200,58,42
549,0.00,-1.55,1.55,43,1.8,0.8,0,58,42
550,0.00,-1.55,1.55,43,1.8,0.8,100,58,42
551,0.00,-1.55,1.55,43,1.8,0.8,150,58,42
552,0.00,-1.55,1.55,43,1.8,0.8,200,58,42
553,0.00,-1.55,1.55,43,2.0,0.8,0,58,42
554,0.00,-1.55,1.55,43,2.0,0.8,100,58,42
555,0.00,-1.55,1.55,43,2.0,0.8,150,58,42
556,0.00,-1.55,1.55,43,2.0,0.8,200,58,42
557,0.00,-1.60,1.60,45,1.0,0.8,0,55,45
558,0.00,-1.60,1.60,45,1.0,0.8,100,55,45
559,0.00,-1.60,1.60,45,1.0,0.8,150,55,45
560,0.00,-1.60,1.60,45,1.0,0.8,200,55,45
561,0.00,-1.60,1.60,45,1.2,0.8,0,55,45
562,0.00,-1.60,1.60,45,1.2,0.8,100,55,45
563,0.00,-1.60,1.60,45,1.2,0.8,150,55,45
564,0.00,-1.60,1.60,45,1.2,0.8,200,55,45
565,0.00,-1.60,1.60,45,1.4,0.8,0,55,45
566,0.00,-1.60,1.60,45,1.4,0.8,100,55,45
567,0.00,-1.60,1.60,45,1.4,0.8,150,55,45
568,0.00,-1.60,1.60,45,1.4,0.8,200,55,45
569,0.00,-1.60,1.60,45,1.6,0.8,0,55,45
570,0.00,-1.60,1.60,45,1.6,0.8,100,55,45
571,0.00,-1.60,1.60,45,1.6,0.8,150,55,45
572,0.00,-1.60,1.60,45,1.6,0.8,200,55,45
573,0.00,-1.60,1.60,45,1.8,0.8,0,55,45
574,0.00,-1.60,1.60,45,1.8,0.8,100,55,45
575,0.00,-1.60,1.60,45,1.8,0.8,150,55,45
576,0.00,-1.60,1.60,45,1.8,0.8,200,55,45
577,0.00,-1.60,1.60,45,2.0,0.8,0,55,45
578,0.00,-1.60,1.60,45,2.0,0.8,100,55,45
579,0.00,-1.60,1.60,45,2.0,0.8,150,55,45
580,0.00,-1.60,1.60,45,2.0,0.8,200,55,45
581,0.00,-1.80,1.80,50,1.2,0.8,0,52,48
582,0.00,-1.80,1.80,50,1.2,0.8,100,52,48
583,0.00,-1.80,1.80,50,1.2,0.8,150,52,48
584,0.00,-1.80,1.80,50,1.2,0.8,200,52,48
585,0.00,-1.80,1.80,50,1.4,0.8,0,52,48
586,0.00,-1.80,1.80,50,1.4,0.8,100,52,48
587,0.00,-1.80,1.80,50,1.4,0.8,150,52,48
588,0.00,-1.80,1.80,50,1.4,0.8,200,52,48
589,0.00,-1.80,1.80,50,1.6,0.8,0,52,48
590,0.00,-1.80,1.80,50,1.6,0.8,100,52,48
591,0.00,-1.80,1.80,50,1.6,0.8,150,52,48
592,0.00,-1.80,1.80,50,1.6,0.8,200,52,48
593,0.00,-1.80,1.80,50,1.8,0.8,0,52,48
594,0.00,-1.80,1.80,50,1.8,0.8,100,52,48
595,0.00,-1.80,1.80,50,1.8,0.8,150,52,48
596,0.00,-1.80,1.80,50,1.8,0.8,200,52,48
597,0.00,-1.80,1.80,50,2.0,0.8,0,52,48
598,0.00,-1.80,1.80,50,2.0,0.8,100,52,48
599,0.00,-1.80,1.80,50,2.0,0.8,150,52,48
600,0.00,-1.80,1.80,50,2.0,0.8,200,52,48
